ordinal,day_obs,build_used,branch,visits,pairs,first_mjd,last_mjd,mean_mjd,resid_rms_z5,corr_z5,resid_rms_z6,corr_z6,resid_rms_z7,corr_z7,resid_rms_z8,corr_z8,resid_rms_combined,corr_combined,cwfs_resid_rms_combined,cwfs_corr_combined,block_index
0,20250417,False,danish,12,33206,60783.281085048206,60783.2949180582,60783.287910647115,0.1075817594864581,0.649089099633746,0.09170485850084532,0.6417740688292967,0.0747062665046157,0.7640628242573452,0.08523683262677521,0.7448874250511719,0.09059519846295075,0.6999533544428899,0.09325770322759992,0.7546914236258795,0
0,20250417,False,tarts,12,33206,60783.281085048206,60783.2949180582,60783.287910647115,0.0919560762816061,0.42865413971598415,0.06736161065653773,0.6663229174382356,0.05238102669099963,0.6004357269110863,0.0590065139642518,0.6363361743346931,0.06931638912040967,0.5829372395999998,0.08819723796112099,0.6820843218461219,0
1,20250417,False,danish,12,33165,60783.2961270769,60783.3100257706,60783.30310955629,0.11768298435357727,0.6054853039722439,0.09234453274304158,0.6446034523818784,0.08067477549928945,0.7257303255665513,0.0856087797106729,0.7380338830816204,0.0951499869933074,0.6784632412505736,0.09784203435087556,0.7479751550240102,1
1,20250417,False,tarts,12,33165,60783.2961270769,60783.3100257706,60783.30310955629,0.103644609048313,0.3657317802823018,0.05883512990509612,0.7453940902247996,0.04491509587467336,0.6842556838638822,0.05365040488827985,0.6606431614504595,0.06910048711448177,0.6140061789553608,0.09071984588847938,0.6622430409125892,1
2,20250417,False,danish,12,33780,60783.354583346896,60783.3686460143,60783.361550521884,0.11027147772058904,0.6048338619599108,0.08385982739051592,0.6801411434175164,0.09584725494493058,0.6322395748387,0.08015471671331789,0.7475561502732201,0.09327880833892585,0.6661926826223368,0.09303336494973068,0.749747948830327,2
2,20250417,False,tarts,12,33780,60783.354583346896,60783.3686460143,60783.361550521884,0.10164983078567288,0.2720696161795626,0.06672661488152766,0.6647046651993859,0.05823675901473036,0.6772043246675807,0.04291760935702728,0.712285314789248,0.0707434988634394,0.5815659802089443,0.10621733233707523,0.5778964739298302,2
3,20250417,False,danish,9,25445,60783.36982871175,60783.38015064,60783.37489873951,0.10126114313714324,0.6653138362486276,0.09442701686726021,0.6020715334866671,0.092609390168962,0.6532743777270693,0.084248359914836,0.7341165471046509,0.09333349602326277,0.6636940736417538,0.09685545366955316,0.7406512400747464,3
3,20250417,False,tarts,9,25445,60783.36982871175,60783.38015064,60783.37489873951,0.1151456702376249,0.27677897651450195,0.07127926274707015,0.5954627108032825,0.0611464093511052,0.6545052986710098,0.04190568792395299,0.7498324811210961,0.07719169114799594,0.5691448667774726,0.11016840789043315,0.5944115343347854,3
4,20250418,False,danish,12,33548,60784.3455141178,60784.359443074,60784.35239908405,0.07917128093227085,0.7291621479742062,0.0753912792967016,0.7393004402900316,0.07628061205675256,0.7446343407875746,0.08978053109119151,0.688372906892739,0.08036045709367731,0.7253674589861379,0.07789829742244031,0.794247058266442,4
4,20250418,False,tarts,12,33548,60784.3455141178,60784.359443074,60784.35239908405,0.10304818264219126,0.25416806155718685,0.08183681102110366,0.6425609065191462,0.059844660311523495,0.4636456129719167,0.03076720883523204,0.8266130098189235,0.07389891083648435,0.5467468977167933,0.10364745240676025,0.5567079812573195,4
5,20250418,False,danish,12,33462,60784.3606490172,60784.3745533338,60784.36763151203,0.08236798608192789,0.719213295959477,0.07703320264482845,0.7254903320565119,0.07800027958952069,0.7345480127462533,0.09137604069129655,0.6801159150380736,0.08238965934717286,0.7148418889500789,0.0822307850923392,0.7785491760864036,5
5,20250418,False,tarts,12,33462,60784.3606490172,60784.3745533338,60784.36763151203,0.10683063843823853,0.22825718545513554,0.08103012394124204,0.643175706959118,0.07379904176894328,0.46580842592606314,0.041283809740031874,0.769580374918711,0.07926114717773153,0.5267054233147569,0.10982270275711996,0.5404793550723452,5
6,20250420,False,danish,12,34925,60786.30653650935,60786.32048057621,60786.31344456737,0.08917296804460924,0.6282430168583252,0.09219497279853235,0.6629496119100019,0.07164526337347889,0.7843140278155641,0.07324369176971814,0.7630294748567542,0.08208138246143222,0.7096340328601614,0.09562138802050851,0.6951996434700125,6
6,20250420,False,tarts,12,34925,60786.30653650935,60786.32048057621,60786.31344456737,0.17615897536472952,0.16948638419186354,0.07231107290002214,0.743480168076853,0.08060043669734618,0.21362170691994556,0.045822640382095506,0.450906412572449,0.10589738031803886,0.39437366794027784,0.13560900932855538,0.4767846789308535,6
7,20250420,False,danish,12,34287,60786.32168116105,60786.33576427265,60786.328711384645,0.09465745736460364,0.6388666354511411,0.09306448076913047,0.6552650154636858,0.06566259030241314,0.8235924128564636,0.06784257294282908,0.8009298264057698,0.0814481772114718,0.729663472544265,0.0927546531391086,0.7443188807852112,7
7,20250420,False,tarts,12,34287,60786.32168116105,60786.33576427265,60786.328711384645,0.161597283243569,0.22297393386489697,0.07901207162941783,0.7218920295088701,0.07562373264112034,0.1509144757472594,0.04865247680490516,0.4497287186993193,0.10055173028434419,0.3863772894550864,0.12577432205946715,0.44672059334029346,7
8,20250420,False,danish,12,34422,60786.3404368639,60786.35469738895,60786.347436210715,0.09481087165362527,0.6219928734809079,0.0951034234362577,0.6121962301537938,0.07208175454941812,0.780338414855536,0.06478371915999864,0.821294471211922,0.08280469814590907,0.7089554974255399,0.0916489510810143,0.7288884236772426,8
8,20250420,False,tarts,12,34422,60786.3404368639,60786.35469738895,60786.347436210715,0.15649109710543688,0.2241580338453533,0.0775319742133978,0.7217864240179469,0.07531620571634459,0.253909789418351,0.05057219436367385,0.2982234749014221,0.09840064555803762,0.3745194305457683,0.12058048040258924,0.4021751512184033,8
9,20250420,False,danish,12,33709,60786.355892223146,60786.3700018369,60786.3630240643,0.09387860365922435,0.6401793921935461,0.0943651489957737,0.6434986069746479,0.06926932316141923,0.7995200004889564,0.062402513401287545,0.8389496270051757,0.08125620957815978,0.7305369066655815,0.09085593340900822,0.7576681592697725,9
9,20250420,False,tarts,12,33709,60786.355892223146,60786.3700018369,60786.3630240643,0.1610289648597607,0.23213296913504983,0.07414156411212008,0.674845178680457,0.06582587784994368,0.2838221749313629,0.06099798372831969,0.13702514166334406,0.0993492567491495,0.33195636610255347,0.12184939795611231,0.45674799354502543,9
10,20250421,False,danish,12,34385,60787.25065698495,60787.264541679295,60787.25752122881,0.10677287949035848,0.5307287365267822,0.08407104405513711,0.7270419151257134,0.09231046886785146,0.5990696246941464,0.11290404371799129,0.2830485409944071,0.09967062505279588,0.5349722043352623,0.08896970912987996,0.7851311006814109,10
10,20250421,False,tarts,12,34385,60787.25065698495,60787.264541679295,60787.25752122881,0.126445797870912,0.2956496581386081,0.06495009816798039,0.6419789433639582,0.053750627107276926,0.6798083418917423,0.06897398084355434,0.41391976129293373,0.08344698166961217,0.5078391761718106,0.11825287273907734,0.4937300741598628,10
11,20250421,False,danish,12,34846,60787.26576459955,60787.27973196255,60787.27277387525,0.10415085645341927,0.5389245712447474,0.08283755071657467,0.724227572687265,0.09513818588007253,0.5649746815464961,0.10930911121705027,0.3139930986356951,0.09837329022188201,0.5355299810285509,0.09220943971026387,0.7483510510720451,11
11,20250421,False,tarts,12,34846,60787.26576459955,60787.27973196255,60787.27277387525,0.1009920267386175,0.4137991809607991,0.07027450691842624,0.5603287799884997,0.05985999098972222,0.595762219135608,0.07274019384312493,0.46194577209938453,0.07747943293066002,0.5079589880460729,0.1049058818267066,0.5071853061450562,11
12,20250421,False,danish,8,22943,60787.3155412906,60787.324449767446,60787.31998952897,0.10198633808443001,0.580084888444002,0.0959142991874772,0.6611544801572522,0.1016635728278766,0.5172641399842218,0.11318961779350005,0.24838787294097214,0.10337811369054879,0.501722845381612,0.10590931745246879,0.6999543634942766,12
12,20250421,False,tarts,8,22943,60787.3155412906,60787.324449767446,60787.31998952897,0.1552941961554671,0.18670270765930372,0.07814726826166365,0.7445076405385959,0.06434042913628794,0.5735148888649709,0.06755580494143681,0.6690715912014482,0.09864932906393771,0.5434492070660797,0.13162142540619265,0.5666551337244443,12
13,20250421,False,danish,12,33288,60787.3522989983,60787.366268575104,60787.359213860975,0.09184370847494021,0.6249950532127354,0.08554405807730428,0.7244276323698333,0.08378428837022801,0.6844211118570733,0.10727803178325654,0.3346369516268813,0.09257623309975127,0.5921201872666308,0.09547901946101145,0.72823520421069,13
13,20250421,False,tarts,12,33288,60787.3522989983,60787.366268575104,60787.359213860975,0.10995641154973074,0.40168649237151954,0.06452620863776086,0.6798417527318569,0.04858267336507196,0.6646792962258629,0.06753666597833005,0.5722423387467434,0.07611754305812721,0.5796124700189956,0.10897713971893197,0.5956423050628832,13
14,20250421,False,danish,8,21684,60787.367488043805,60787.376340382354,60787.37196035928,0.09487583668672896,0.6169232664825222,0.08748910971623056,0.7256687020875388,0.0949759913635915,0.5889308526303897,0.1133913109605427,0.2525248163345846,0.09815013632541857,0.5460119093837588,0.1046012324788856,0.6756950896418362,14
14,20250421,False,tarts,8,21684,60787.367488043805,60787.376340382354,60787.37196035928,0.10605624671112591,0.4292173321953751,0.06641889743713998,0.7230542165711509,0.05281756621634689,0.6626656852418801,0.06576328276316559,0.5905015056364709,0.07545512252992302,0.6013596849112193,0.10527825842699975,0.612515966133748,14
17,20250424,False,danish,7,19454,60790.31188350284,60790.3577396473,60790.33734953811,0.13724271723001621,0.5541671795958063,0.09671917145468185,0.614887713460005,0.0948331936232566,0.7066242825081308,0.0834914666984682,0.7259572767970377,0.10506464817411924,0.650409113090245,0.11506149377916244,0.730325451646489,15
17,20250424,False,tarts,7,19454,60790.31188350284,60790.3577396473,60790.33734953811,0.16214500711618282,0.17158018603007727,0.12271301431002757,0.43896441299229155,0.07333249007305738,0.6240737681169007,0.048998260478277635,0.5101255874762882,0.11082415220065096,0.4361859886538894,0.15681472524423332,0.4179065354735535,15
21,20250513,False,danish,12,32490,60809.2711303492,60809.2905501653,60809.2807635424,0.10875767853341434,0.5755315413677523,0.11920074865479395,0.5530102997319188,0.10384877330559619,0.4694156731727716,0.1436142266307143,0.2240921854309327,0.11984016952555612,0.4555124249258439,0.12907222529298482,0.42148216718203046,16
21,20250513,False,tarts,12,32490,60809.2711303492,60809.2905501653,60809.2807635424,0.08281947476667625,0.0787406789338055,0.09115386304187278,0.20885276124352328,0.06899429237762109,0.5213965222098452,0.05235692553364496,0.6570063154158229,0.07528205659403331,0.3664990694507492,0.10665915930503164,0.47487507955037955,16
22,20250513,False,danish,12,30742,60809.29225130336,60809.31195991676,60809.302208127134,0.10989797722083194,0.5663302877867352,0.10514691801269868,0.5819798276028982,0.11004466427902983,0.42303208042252527,0.14513475110825866,0.22024694663648872,0.11864586368721441,0.4478972856121618,0.13763800049284772,0.37995078709066665,17
22,20250513,False,tarts,12,30742,60809.29225130336,60809.31195991676,60809.302208127134,0.08951636345575009,-0.039860435616072,0.08094829274335434,0.363532506892636,0.07310787493004482,0.3339444071371537,0.05244051701679644,0.6411588789240508,0.07526714858784962,0.3246938393344421,0.10082945053007628,0.4766158324540802,17
23,20250520,False,danish,6,16953,60816.2251318283,60816.2571503544,60816.242218162464,0.0740102126897695,0.7606328289700439,0.08398328856938335,0.7588016596106353,0.06270268692316334,0.8665331570525919,0.08448359682430419,0.6591338636668127,0.0768111473372665,0.7612753773250209,0.08334337787591423,0.7879647463369042,18
23,20250520,False,tarts,6,16953,60816.2251318283,60816.2571503544,60816.242218162464,0.08445229008020556,0.3803526262371322,0.0700991575560265,0.6781710339756725,0.0401662340939786,0.6764609556853709,0.050352686183566656,0.5728819679957314,0.06362939681674039,0.5769666459734767,0.07672932558142162,0.6939288845301541,18
56,20250907,False,danish,12,32487,60926.077846902655,60926.0960648066,60926.08697959734,0.12377715755748785,0.5328690908621364,0.09455839255629377,0.6250501307401918,0.10865542036481932,0.6209306862963313,0.10843459077569605,0.49513471714694623,0.10934593635246531,0.5684961562614015,0.11338450819141822,0.7150072894649258,19
56,20250907,False,tarts,12,32487,60926.077846902655,60926.0960648066,60926.08697959734,0.10377072500957994,0.5377665429150423,0.07568378169983801,0.7021710908200665,0.06281232511734605,0.7301260997439349,0.06441106051673647,0.5632306317730361,0.07840690512470898,0.63332359131302,0.11176406830020803,0.6212048087720912,19
57,20250907,False,danish,12,32320,60926.09769522855,60926.11612403925,60926.10704023149,0.12132511635972094,0.5362152603248089,0.09228041750641866,0.6475331745221299,0.10715925165755127,0.6453265240683957,0.10678114258142173,0.5227591762852593,0.10737874200890403,0.5879585338001485,0.11249394169737612,0.7240773687554228,20
57,20250907,False,tarts,12,32320,60926.09769522855,60926.11612403925,60926.10704023149,0.08351322505130157,0.6580642162847267,0.07347783682578048,0.7113422427466557,0.05928719443186939,0.750308867944852,0.06090068407652873,0.6057301624572637,0.06999520699243772,0.6813613723583745,0.0954770438076431,0.7262322774256388,20
58,20250907,False,danish,11,31811,60926.12627861776,60926.1623383245,60926.14453719183,0.0957108510472617,0.668370788380721,0.0856642066278381,0.6691727946320245,0.08990620939893777,0.7348810325753729,0.08735537911596278,0.6928083513208755,0.08973991872955325,0.6913082417272484,0.10350905417641759,0.7203475458631636,21
58,20250907,False,tarts,11,31811,60926.12627861776,60926.1623383245,60926.14453719183,0.10865833807141392,0.5782892900478945,0.06048862418299733,0.728397896509477,0.06336169548598874,0.7491684812497157,0.05049789071749287,0.6237321824937123,0.07421295289531436,0.6698969625751998,0.09679539590723134,0.6988379743135869,21
62,20250912,False,danish,12,32860,60931.17049703405,60931.1945490021,60931.18079739193,0.14268147673569137,0.31438008066501666,0.13686664918850966,0.32832524577571626,0.12371695014707051,0.5084247486999186,0.14285377121934664,0.06998982694050034,0.13675120398816457,0.305279975520288,0.1237297261172285,0.601609961021882,22
62,20250912,False,tarts,12,32860,60931.17049703405,60931.1945490021,60931.18079739193,0.07604238268384608,0.3253539498418407,0.0832685829096779,0.31146438327470644,0.048352360096724514,0.5558591036441094,0.04463995513488703,0.47768323457501255,0.06528165359691504,0.4175901678339173,0.08469121232346587,0.5578520163374057,22
63,20250912,False,danish,12,32223,60931.19616023296,60931.22570672295,60931.21037607577,0.15029332062798817,0.28189333143527884,0.144525790260115,0.27617905457937797,0.12869190052839075,0.45523994875813345,0.14637420673978177,0.04521376340247115,0.1427084439828348,0.2646315245438154,0.126633798527669,0.5745929586526536,23
63,20250912,False,tarts,12,32223,60931.19616023296,60931.22570672295,60931.21037607577,0.07586724612904919,0.3278535809597784,0.0862980466995579,0.2789919450489388,0.046212138198212245,0.6166297472999812,0.040070784651394485,0.651925236904671,0.06508536970547586,0.4688501275533423,0.07667712285865391,0.5930747925387964,23
64,20250912,False,danish,9,26220,60931.2363811157,60931.262403130895,60931.25277675715,0.14427890423278522,0.29539024959356863,0.15056132053055984,0.20191669229426978,0.12713199278327178,0.47457415569116046,0.14060916626510298,0.1163990925619578,0.1409065245768737,0.27207004753523917,0.13086579746923213,0.5723891328855999,24
64,20250912,False,tarts,9,26220,60931.2363811157,60931.262403130895,60931.25277675715,0.0926943463522011,0.28248681430301315,0.09857936498709723,0.374978285994155,0.05872701260312554,0.6188922456816002,0.0571295877629685,0.47496417731554263,0.07909295931714709,0.4378303808235777,0.10301304700046635,0.5463414384065004,24
65,20250912,False,danish,9,25822,60931.27019307465,60931.2966820983,60931.27957064993,0.14723138131486854,0.2685101800005406,0.15917186892867102,0.15819342173738912,0.14020592398703635,0.42512882804565344,0.1407248798780355,0.14829858394989082,0.1470322723417179,0.2500327534333685,0.13818377480107047,0.5431243953512923,25
65,20250912,False,tarts,9,25822,60931.27019307465,60931.2966820983,60931.27957064993,0.10028395384974147,0.15602496043469402,0.10731611396441348,0.2610116181470097,0.07093045466154316,0.5872684211156087,0.067567374057083,0.438700617322146,0.0882752784640511,0.36075140425486457,0.09973110049116761,0.5067090523096363,25
66,20250912,False,danish,10,25954,60931.3244158376,60931.36184197465,60931.343282573755,0.14574862482427337,0.29393736688421795,0.14260483971321855,0.2524062349363957,0.12495119520203767,0.4494007594114544,0.12830138919762632,0.3002796937571455,0.13569529247569537,0.32400601374730337,0.13088523190252704,0.5407614349980535,26
66,20250912,False,tarts,10,25954,60931.3244158376,60931.36184197465,60931.343282573755,0.08594465002284457,0.2021349478998337,0.11332464654655079,0.11102084719658177,0.05076820537595164,0.5565133427827182,0.05019639074389628,0.48729025604755255,0.079570796626744,0.33923984848167155,0.09875368124695226,0.4753094743298763,26
72,20250921,False,danish,12,35408,60940.194509061,60940.21518806495,60940.204602543185,0.0705779470432706,0.7760442820164504,0.08159637591841488,0.6938770169423426,0.046003113425108745,0.9204127940462571,0.05937709348520584,0.8807601532668639,0.06572887654489516,0.8177735615679784,0.07742658474694612,0.7549964300141385,27
72,20250921,False,tarts,12,35408,60940.194509061,60940.21518806495,60940.204602543185,0.059775143020634705,0.7266339835551904,0.0867774937427011,0.5793088771398726,0.05576476270830567,0.5889992178051646,0.045112033856882436,0.4417050586302444,0.06373422452266132,0.584161784282618,0.07934223580253738,0.6798936701948182,27
73,20250921,False,danish,12,34999,60940.21683574845,60940.236810920105,60940.22691812677,0.0738733980350802,0.7524008478250094,0.07823515698898541,0.713285994218091,0.051069492568539085,0.8977221883853871,0.06414295946505011,0.8255641060891536,0.06763954288447645,0.7972432841294104,0.07853299772221584,0.7617202753379606,28
73,20250921,False,tarts,12,34999,60940.21683574845,60940.236810920105,60940.22691812677,0.05708984656717327,0.6975422590971443,0.08141009680509617,0.5443144454533992,0.05569529157469139,0.6387366888785012,0.03935641761843373,0.573435181579,0.060286291049924785,0.6135071437520112,0.07712722866141589,0.7124919918574627,28
78,20251026,False,danish,12,27348,60975.26545373325,60975.2842185715,60975.27482722996,0.08424877182159468,0.7188678409800454,0.07821647954320853,0.7610573541001883,0.05847748342057591,0.8649388931094164,0.07650117545512451,0.7333507679573844,0.07497952910428245,0.7695537140367587,0.08288447610609319,0.8025278947278662,29
78,20251026,False,tarts,12,27348,60975.26545373325,60975.2842185715,60975.27482722996,0.06294351562363402,0.5738559673409909,0.06095531500836835,0.6026574805773727,0.03816358468131562,0.6347557771369987,0.038768263906894446,0.6493786032451263,0.05156761112586717,0.6151619570751221,0.06362430123752254,0.7157043088990215,29
79,20251026,False,danish,12,32435,60975.3229562989,60975.34137822765,60975.33216642038,0.11148510017709515,0.5992509275483512,0.08943303574753354,0.6558481046136063,0.08779129978961295,0.7057191640830499,0.10985590613031551,0.4181886659928327,0.1002532142564254,0.59475171555946,0.08593526261751312,0.8412690609503516,30
79,20251026,False,tarts,12,32435,60975.3229562989,60975.34137822765,60975.33216642038,0.10767833938546545,0.7253689027081979,0.077963305183841,0.6105886939774987,0.06717230804934901,0.6325326088939733,0.06714796355296927,0.4765457624124567,0.08169129345589365,0.6112589919980316,0.09906547164181172,0.7037605395354358,30
80,20251027,False,danish,6,16399,60976.0745563073,60976.09587703355,60976.08517934915,0.1188735815823976,0.5413794503903642,0.0986947210886679,0.6373490934520838,0.0999124264065918,0.6239087324753928,0.10813469364296856,0.48805367697876284,0.1067089280340546,0.5726727383241509,0.10918216572252137,0.7045696841806978,31
80,20251027,False,tarts,6,16399,60976.0745563073,60976.09587703355,60976.08517934915,0.08728523631893176,0.6335842336938247,0.07858923929607214,0.5390293543742282,0.048820380015528506,0.56201007883399,0.06640428994031208,0.5373464191679939,0.07174249131394292,0.5679925215175092,0.08906175217564069,0.6753545564997199,31
85,20251107,False,danish,12,31672,60987.086158736696,60987.10644909125,60987.09629901234,0.1125451926940138,0.4915361849066407,0.11790796557218372,0.6277787650758399,0.0570224898377478,0.8711181326487049,0.10163499913118103,0.4610321631071538,0.10018725734792222,0.6128663114345848,0.09455954050944536,0.6985370971234682,32
85,20251107,False,tarts,12,31672,60987.086158736696,60987.10644909125,60987.09629901234,0.09870476848057444,0.5006057597828538,0.09987625978767792,0.538207794498296,0.05004460992595501,0.5638450700259064,0.04995900069166658,0.5448016165594205,0.07861021454418386,0.5368650602166192,0.1068168908516231,0.589405653052345,32
86,20251107,False,danish,12,31204,60987.1475216923,60987.167849336445,60987.15769787944,0.10635704514440365,0.4969779468557261,0.11399681901951192,0.6229026738448527,0.05168079121899634,0.8970666116131123,0.09557941903281982,0.5391308094739478,0.09501766325542968,0.6390195104469096,0.0893210585036693,0.7026934536833246,33
86,20251107,False,tarts,12,31204,60987.1475216923,60987.167849336445,60987.15769787944,0.0904306366805499,0.489259859419968,0.06060168759508279,0.7144615934123016,0.04427946884658476,0.4560608402724745,0.038167777315808005,0.6278825773850342,0.06178129809332759,0.5719162176224446,0.07736290549069127,0.6929128497113115,33
92,20251112,False,danish,12,34620,60992.306716787,60992.32723179375,60992.31696192536,0.05843797459021653,0.854588534399398,0.060708943183578966,0.8518746124190822,0.045879496514884106,0.9209362796200046,0.06527089219575481,0.8207042935719662,0.05802109578671132,0.8620259300026127,0.05138628302622739,0.892931295837866,34
92,20251112,False,tarts,12,34620,60992.306716787,60992.32723179375,60992.31696192536,0.05896552348701258,0.7517065175068791,0.06694676565781245,0.63719211595476,0.03884884452024287,0.7232373942572132,0.02883333076127624,0.8148380081108392,0.05074297014239178,0.7317435089574229,0.07138850694911299,0.7305734268466815,34
94,20251114,False,danish,12,35157,60994.3019223531,60994.3221660778,60994.31204404584,0.07852807867327946,0.7275946931757166,0.0777898182597231,0.7264165762958333,0.07436712629419719,0.7763564499751785,0.09369940578820918,0.5865557542036629,0.08143703562157403,0.7042308684125977,0.06634377650885107,0.8614283226429621,35
94,20251114,False,tarts,12,35157,60994.3019223531,60994.3221660778,60994.31204404584,0.05842869299380531,0.7279526031433994,0.05896547782950547,0.7107993880139087,0.03831063807919139,0.6554323249733293,0.04498631850099947,0.6282739232566359,0.05094681928966325,0.6806145598468183,0.06630841953798407,0.7510823520721818,35
117,20251219,False,danish,12,34574,61029.238876196,61029.259608592605,61029.24925316952,0.1325910907322201,0.2369364679395073,0.12222049782709907,0.217620624260179,0.08759952823217096,0.6991925146992423,0.12965493986175722,0.24171468085846703,0.11937580178549435,0.34886607193934893,0.0986551374940342,0.5946242443942668,36
117,20251219,False,tarts,12,34574,61029.238876196,61029.259608592605,61029.24925316952,0.08413358108125195,0.5858307838757758,0.08004699910594268,0.4683489068509434,0.043960704076443056,0.6747417861497402,0.05904878262105878,0.5222568671180062,0.06874824318364077,0.5627945859986164,0.09614971778293822,0.6446175603662241,36
122,20260315,True,danish,12,31650,61115.09671723195,61115.11601878335,61115.106376260745,0.08381203452401925,0.6772982668692107,0.10090063071312125,0.42661609877717804,0.07385718840358846,0.7716185429018155,0.10322664631861797,0.49082235004909286,0.09126338148243422,0.5915888146493243,0.0783517771835968,0.7530002389133637,37
122,20260315,True,tarts,12,31650,61115.09671723195,61115.11601878335,61115.106376260745,0.0690507937688583,0.7103466060691569,0.07600020003060583,0.5200996676491295,0.04402422837273048,0.7907349210075256,0.05431257057899326,0.39101894908416035,0.06211286205673095,0.6030500359524931,0.07632507249271561,0.756984291693931,37
123,20260315,True,danish,12,32650,61115.1379267094,61115.1572256458,61115.147564375635,0.08927105062949178,0.6258425667946357,0.09262839025018195,0.5490379388087394,0.07478478119887784,0.7771947395804846,0.09602050133737716,0.5473709705944627,0.08854665343320232,0.6248615539445805,0.06859676514238662,0.8177040107005189,38
123,20260315,True,tarts,12,32650,61115.1379267094,61115.1572256458,61115.147564375635,0.07396742008224023,0.7688986912023711,0.08216236455114928,0.34329085591704644,0.0392101795163314,0.7776984042541196,0.04075305481737127,0.6596417236656237,0.06208881347897774,0.6373824187597902,0.07868974533146664,0.7567596193149756,38
124,20260315,True,danish,12,33499,61115.1717464147,61115.1911029772,61115.18142286354,0.07276299844310662,0.7754606950735561,0.0579357511993696,0.859502780951632,0.050540902898126225,0.9007989040508322,0.07419510234553683,0.7577820388355107,0.06463416528293936,0.8233861047278828,0.0522548073022955,0.9247180600626035,39
124,20260315,True,tarts,12,33499,61115.1717464147,61115.1911029772,61115.18142286354,0.07384609368756061,0.765640273344908,0.06507324251894316,0.7336666728808087,0.03429522156330512,0.7900798167685982,0.048902898194603375,0.7432186630798107,0.05756611007951879,0.7581513565185314,0.07597537268204656,0.8261218423260415,39
125,20260315,True,danish,12,33728,61115.206018655546,61115.225336372896,61115.215684648974,0.0637903750785527,0.8294410777061997,0.05525390297451402,0.8738188916460237,0.048178431981211384,0.9122805852700169,0.06954766271712055,0.7900008103669306,0.059749988376906864,0.8513853412472927,0.051554344461769416,0.9369999720842195,40
125,20260315,True,tarts,12,33728,61115.206018655546,61115.225336372896,61115.215684648974,0.09476386029464018,0.6640353168168552,0.07554988584991648,0.640032243899599,0.07388422328805416,0.6837494022865664,0.03039762365059156,0.77214038660186,0.07257904043930236,0.6899893374012201,0.0962217415497795,0.7531632481837474,40
126,20260315,True,danish,12,33934,61115.235053558645,61115.25441342145,61115.24472043041,0.059321621906238645,0.846675922736406,0.05816337027495584,0.8634028148603533,0.0573874367226495,0.8801230923237927,0.06756428471318697,0.7986958603109663,0.06074595239546632,0.8472244225578797,0.057694756297270645,0.9189255705422108,41
126,20260315,True,tarts,12,33934,61115.235053558645,61115.25441342145,61115.24472043041,0.08734382897206049,0.6059664248451495,0.075957219522162,0.6605456511899555,0.04607510136211391,0.761271345476916,0.03999671372403166,0.788392654869794,0.06542380249437064,0.7040440190954538,0.08452285906016328,0.7494815822444345,41
127,20260316,True,danish,12,33496,61116.33744479445,61116.35684692905,61116.34714206338,0.0469245775063514,0.9080049499092544,0.04625972116553946,0.9097230623130523,0.029525696378981746,0.9681001067710124,0.027226002155109383,0.9725889603571463,0.038583998355784986,0.9396042698376164,0.046326093284854666,0.9151657371270102,42
127,20260316,True,tarts,12,33496,61116.33744479445,61116.35684692905,61116.34714206338,0.07081717011566796,0.7020267343163447,0.0611546871539548,0.815179068775068,0.03725538229098625,0.7540973230571935,0.02864929029020074,0.7502230942034818,0.0523538744694919,0.7553815550880218,0.059902410453725935,0.8510800928878159,42
128,20260316,True,danish,12,33762,61116.3654378386,61116.3848011515,61116.37511483671,0.04556033256024636,0.9196705792915677,0.03423860656562572,0.9547516793066105,0.02055067639600927,0.9855311114714502,0.02406083866735174,0.9795262032800242,0.03259325214007408,0.9598698933374131,0.041398250260530525,0.946319043403987,43
128,20260316,True,tarts,12,33762,61116.3654378386,61116.3848011515,61116.37511483671,0.08085983303846594,0.7181694581061282,0.07142251554451245,0.5681955743383333,0.044253715160497906,0.6250003708881109,0.04126497809876358,0.6855768664900375,0.06184795479381802,0.6492355674556525,0.0794317657166722,0.7427128238472802,43
129,20260316,True,danish,11,30941,61116.3936422444,61116.41134456195,61116.402497975316,0.03591569176887562,0.9681971827206118,0.04996101851981705,0.9590521461109071,0.03482731531219788,0.9766854699838052,0.036019784479570854,0.9748607386473389,0.039674951331363874,0.9696988843656658,0.04201945452698166,0.9553050863308687,44
129,20260316,True,tarts,11,30941,61116.3936422444,61116.41134456195,61116.402497975316,0.06370004126924766,0.7336568189326268,0.06757857311653066,0.8145217354122288,0.04837340217901544,0.5407784022288175,0.048867800282009106,0.6526268561852572,0.05777674001046018,0.6853959531897326,0.06414423671298304,0.7678712470282504,44
130,20260317,True,danish,12,33886,61117.06976520315,61117.08953039395,61117.079654309426,0.05920915847540316,0.9001740989859932,0.061271316788364234,0.9427189718505181,0.04636012958755779,0.934182992268958,0.05586097544446719,0.9136614751488846,0.05596786779333301,0.9226843845635885,0.06168818352638979,0.8867263268482843,45
130,20260317,True,tarts,12,33886,61117.06976520315,61117.08953039395,61117.079654309426,0.04950300404886424,0.8238409864964328,0.05947016647775845,0.7704617342782946,0.03767452246695586,0.8597445665911141,0.04957756152463864,0.684918380844319,0.04966022644077618,0.7847414170525401,0.06384607547529911,0.763656105523364,45
131,20260317,True,danish,12,33281,61117.10984590135,61117.1292315904,61117.11953747246,0.06868973191435798,0.9333165749805565,0.08801656804606323,0.9357211804857941,0.04429288995561106,0.9592679657373603,0.059282248670623205,0.9649534191675594,0.0669728314862436,0.9483147850928175,0.07519688489256986,0.9236849949267825,46
131,20260317,True,tarts,12,33281,61117.10984590135,61117.1292315904,61117.11953747246,0.07624574917683088,0.522157938382105,0.06987920831153521,0.7626146917051637,0.04487504763588696,0.6085024052120357,0.036677703916761256,0.7849968730910319,0.059278035322351624,0.6695679770975841,0.06984850969827867,0.7661294430089752,46
132,20260317,True,danish,12,34234,61117.138910638096,61117.1582558438,61117.14858911347,0.06439585632035658,0.9487804726864305,0.07015668845179164,0.9619558246681692,0.047324223971395754,0.9581167185263174,0.06481810837701783,0.9697601596182431,0.06226908661973335,0.95965329387479,0.06439032719653803,0.944131228575149,47
132,20260317,True,tarts,12,34234,61117.138910638096,61117.1582558438,61117.14858911347,0.06904239075424076,0.7788631607420753,0.07441068862439526,0.7776712957087202,0.042167934857234086,0.8395955531285887,0.05396663325086495,0.5639283767061533,0.061225677899830716,0.7400145965713844,0.07691821060257154,0.702335193352982,47
133,20260317,True,danish,12,34373,61117.1665936331,61117.1859326777,61117.17626925651,0.046073237107800286,0.9774128107499817,0.06858283472386911,0.9688742545246782,0.03684749775031257,0.9704923438404387,0.04473839846690708,0.9749355118432042,0.05046189350439641,0.9729287302395756,0.06008776425666903,0.970603740475096,48
133,20260317,True,tarts,12,34373,61117.1665936331,61117.1859326777,61117.17626925651,0.06189237859358066,0.7507262772515195,0.06728982117039453,0.8550588079234444,0.03903192547783049,0.7083825367865872,0.036188973447443484,0.7862465504291709,0.05289546191971831,0.7751035430976805,0.06774537678908238,0.7991158485953853,48
134,20260317,True,danish,12,34550,61117.19455196825,61117.21398815015,61117.20428548588,0.039150538709318686,0.9721799937623985,0.043962227289799684,0.9502180042844484,0.02634773711857998,0.9788716249473919,0.030999412936456305,0.9664537106578418,0.03577921520654345,0.9669308334130201,0.04693339072816201,0.956698483572907,49
134,20260317,True,tarts,12,34550,61117.19455196825,61117.21398815015,61117.20428548588,0.06979503329205022,0.7390071850326175,0.06142898754815342,0.854061504173788,0.058301055132540004,0.5904737417276644,0.03875419951393685,0.6401838788451711,0.05819314434055587,0.7059315774448103,0.07440685814089128,0.7414699197535177,49
135,20260317,True,danish,12,35763,61117.22462893105,61117.24394545905,61117.23428886031,0.03891663359335126,0.9545059527982644,0.036767301819157244,0.9611053053940684,0.03077892529242235,0.969358266486131,0.03359431808933818,0.956462794735984,0.03515060206932561,0.9603580798536119,0.04309216955089791,0.95279346815147,50
135,20260317,True,tarts,12,35763,61117.22462893105,61117.24394545905,61117.23428886031,0.058163323805876556,0.8011966260515503,0.06845997724586367,0.5573703408610013,0.04013231250904619,0.6440989632046522,0.03807945927877767,0.7348218800086873,0.05275032807229555,0.6843719525314728,0.059229831778600105,0.7472801011713937,50
136,20260324,True,danish,12,34597,61124.06039432875,61124.0797584868,61124.07007366351,0.07866677464396292,0.8032195685900518,0.06670629131697245,0.9163820806227386,0.051875126235621655,0.9216445861491384,0.035152030847529124,0.960432783079269,0.060342532116277985,0.9004197546102994,0.07443282028782965,0.8595594910114648,51
136,20260324,True,tarts,12,34597,61124.06039432875,61124.0797584868,61124.07007366351,0.07372268572699633,0.6052231217228973,0.06747940633615891,0.8202284862743715,0.058910863896724806,0.5963043264956058,0.053050336072657835,0.8095234433615928,0.06378348672023638,0.7078198444636169,0.07795000397480305,0.7452951889837115,51
137,20260324,True,danish,9,25935,61124.0840036119,61124.0980957322,61124.091047169095,0.061934903665122866,0.9071356799448327,0.06041200515061205,0.9228204403190381,0.04431692297741361,0.948192947889869,0.039384700622065796,0.9789117907575181,0.05244207986817787,0.9392652147278144,0.05865786933329735,0.9207031041313991,52
137,20260324,True,tarts,9,25935,61124.0840036119,61124.0980957322,61124.091047169095,0.08118411104718179,0.6706276885721406,0.08080221456515449,0.7714318557453653,0.04565950099516993,0.7149432748443337,0.06011140687643711,0.7471118018312647,0.06858941068588303,0.7260286552482761,0.08479238087204174,0.8057081850187439,52
138,20260325,False,danish,18,52109,61125.0860316832,61125.1159735658,61125.10129668805,0.07198940959127013,0.8266569623651561,0.05176535584741311,0.888373604798472,0.054136961514601685,0.8867668382569542,0.06719230879583266,0.8123460378472738,0.06186223428445047,0.8535358608169641,0.06302842880825679,0.9042615033375562,53
138,20260325,False,tarts,18,52109,61125.0860316832,61125.1159735658,61125.10129668805,0.06947661714025793,0.7024507425063979,0.055798171181455275,0.8124359622002035,0.04280568440473876,0.6403551070442762,0.03076988588825962,0.8446271553548123,0.05176762678398436,0.7499672417764225,0.06547469481054931,0.7810795436311968,53
139,20260325,False,danish,12,34951,61125.1419292701,61125.1614162543,61125.15168126187,0.07353082575161968,0.7807761097671313,0.05960656167965369,0.8498807794739776,0.05886990812052665,0.8638080505187141,0.08183482198112167,0.6897564072482426,0.06914175421152283,0.7960553367520165,0.05968556743248176,0.898590697256679,54
139,20260325,False,tarts,12,34951,61125.1419292701,61125.1614162543,61125.15168126187,0.06670730858853469,0.7824187085706891,0.05902492698334764,0.7740208411183843,0.043344938465939196,0.6971376486778362,0.04945672101595887,0.7473890769534254,0.05535918615907833,0.7502415688300837,0.07092102969558114,0.788252210043646,54
140,20260325,False,danish,12,34095,61125.1635024264,61125.1828957814,61125.17318899094,0.0853498834990754,0.7014022457003415,0.07329111923705141,0.7620796596885526,0.0721732875268863,0.7894852805717499,0.09391969456798055,0.5676946841250295,0.08167937810810447,0.7051654675214184,0.06307358994025727,0.8852191643668919,55
140,20260325,False,tarts,12,34095,61125.1635024264,61125.1828957814,61125.17318899094,0.0796493984404043,0.756433591326328,0.05673204194697151,0.8125902115916521,0.04862158867285792,0.6506766511613509,0.04803925089057957,0.7218007784303997,0.05965395998295471,0.7353753081274327,0.08132733591822139,0.7664649731346019,55
141,20260325,False,danish,12,36058,61125.2929618313,61125.31233676545,61125.30265990183,0.07377941755750098,0.7624266649975546,0.06081280508653379,0.8410525712125896,0.062109876667722545,0.8512473028961808,0.0800427923154805,0.700031155461586,0.06965286264568686,0.7886894236419777,0.06521622135364845,0.8740547297549167,56
141,20260325,False,tarts,12,36058,61125.2929618313,61125.31233676545,61125.30265990183,0.0719115379842419,0.7779250515734005,0.06808183156799363,0.7590489611207948,0.052221081589677185,0.5201280649778892,0.04244045085120411,0.6444333306449012,0.059863674953516084,0.6753838520792463,0.08433611193194464,0.6741241159187409,56
142,20260325,False,danish,12,36033,61125.3144235208,61125.33379270865,61125.32410831967,0.07415005826508993,0.7644699879335567,0.06453407204622806,0.8215205979204998,0.06219125302299842,0.8553035595687635,0.07793619135884282,0.7194838460900331,0.07000835570072468,0.7901944978782133,0.06615055646971471,0.8798592296563787,57
142,20260325,False,tarts,12,36033,61125.3144235208,61125.33379270865,61125.32410831967,0.07282489752332076,0.8035663425344202,0.07428602067888056,0.7144466489337608,0.05748762718928975,0.46091608427994607,0.04272277136505226,0.652785787012494,0.06315049691124872,0.6579287156901552,0.08558416958925723,0.6901607988977603,57
143,20260325,False,danish,12,35702,61125.33968792376,61125.3591224719,61125.349422040425,0.07142021220815031,0.773494569158713,0.0648675166714671,0.8176188231281659,0.06291504318054414,0.8516228651794879,0.07841216887765362,0.7124512519658994,0.06966959939149875,0.7887968773580666,0.07355645782081814,0.8389536929866752,58
143,20260325,False,tarts,12,35702,61125.33968792376,61125.3591224719,61125.349422040425,0.061930011749010076,0.8142713491668288,0.0738675963986275,0.7163753463017141,0.059477872824117074,0.374601715251006,0.042291491036344865,0.6395695377021677,0.060452327752333355,0.6362044871054291,0.08790514537453524,0.6133942059955902,58
144,20260325,False,danish,12,35873,61125.361203092456,61125.38069359815,61125.370963889734,0.07093801225364321,0.7835179171434888,0.06489464098630494,0.8198575008800668,0.06641412393087887,0.8399095247270738,0.07740192146645927,0.726198847369242,0.07008104115137972,0.7923709475299678,0.07512521452225399,0.8456063980488311,59
144,20260325,False,tarts,12,35873,61125.361203092456,61125.38069359815,61125.370963889734,0.06978131341878721,0.8028515434049329,0.07571738210469771,0.6971965959845954,0.05897588612113405,0.4336531434873664,0.044555972894127764,0.6360745310551171,0.06337575151340422,0.642443953483003,0.08756561438979599,0.6418949085005768,59
145,20260326,False,danish,6,13606,61126.21981447445,61126.22868888509,61126.224244713645,0.09068603450092445,0.6769289168817704,0.08537266255070652,0.694925487458257,0.08687942431407614,0.7102139635505148,0.10472400293231433,0.47398235110271103,0.09223285684046159,0.6390126797483133,0.08970875252654298,0.8002092774799392,60
145,20260326,False,tarts,6,13606,61126.21981447445,61126.22868888509,61126.224244713645,0.06484771365018527,0.7156131416014637,0.07607867508743806,0.6911601838836476,0.05752946340160233,0.40091012952260896,0.057951309713921054,0.5133372401779175,0.06453910486199722,0.5802551737964095,0.08501373633504274,0.5856416861194387,60
146,20260327,False,danish,15,45510,61127.0797086408,61127.10347761035,61127.09160806496,0.054065550408387765,0.96933840833613,0.06505608460351456,0.9599775493927605,0.02660947819983715,0.9780784152530625,0.03327580819280519,0.9591538240272053,0.04735694676035801,0.9666370492522895,0.05676071790730792,0.9538819803364255,61
146,20260327,False,tarts,15,45510,61127.0797086408,61127.10347761035,61127.09160806496,0.05716539647890582,0.7879856955930764,0.06890292115063304,0.8402112358916156,0.05010582551339287,0.5024159094083007,0.03713805847024876,0.8120245871387856,0.05455576100422172,0.7356593570079446,0.06769288547804894,0.749547430070451,61
147,20260327,False,danish,12,36392,61127.10788711055,61127.1272714589,61127.11759790617,0.052441462357198446,0.9024784433080305,0.0549631080210407,0.9131210692253983,0.05392039541091382,0.8856640057037394,0.04984830315098509,0.903527503405672,0.052828289262940975,0.90119775541071,0.06774315257514271,0.8665216784442749,62
147,20260327,False,tarts,12,36392,61127.10788711055,61127.1272714589,61127.11759790617,0.07022381707118043,0.7583526955239974,0.07372188738329344,0.8026320807008147,0.04458193334807725,0.4815137771690496,0.04924605124116092,0.6535394283144045,0.060784503591172524,0.6740094954270666,0.0810651035801627,0.6614302978942338,62
148,20260327,False,danish,12,36173,61127.13032385315,61127.14979143115,61127.14007935132,0.06102322222722118,0.8464490742962713,0.06339287782774744,0.8515610865768044,0.06427373848760375,0.8362703382336756,0.059736393764984,0.8568482926636107,0.06213300413124781,0.8477821979425906,0.08051589508514786,0.80301859981539,63
148,20260327,False,tarts,12,36173,61127.13032385315,61127.14979143115,61127.14007935132,0.06964904444355002,0.7384210161163233,0.0724624879927774,0.7924525188851469,0.04177952214854447,0.6239351014869544,0.0447683913667594,0.653196007027031,0.05884628045707535,0.7020011608788639,0.08424358835620284,0.7118999178358274,63
149,20260327,False,danish,9,24034,61127.1584934185,61127.1799806571,61127.1720485363,0.05057620317642234,0.9065972649908298,0.05088617353484021,0.9135029208757047,0.03813463983316331,0.9458036284225689,0.0528018517077704,0.8945265538502616,0.0484500807113236,0.9151075920348413,0.058904464201470545,0.9182781792431968,64
149,20260327,False,tarts,9,24034,61127.1584934185,61127.1799806571,61127.1720485363,0.06081707842390447,0.7770137336045432,0.0738757590561493,0.6659266652931974,0.047631757295205364,0.6925947511985483,0.03877172218645311,0.7649345495089632,0.0568515073425376,0.725117424901313,0.07520338688417408,0.7519990656872411,64
150,20260327,False,danish,12,32407,61127.181775793695,61127.201654616045,61127.191757240136,0.04409035102979416,0.9302737981159149,0.04347858441121228,0.9405267269937455,0.031612081167681896,0.9624805573138265,0.047969899196582885,0.9146432229214534,0.04223381719965594,0.9369810763362352,0.05156368725348908,0.9456459726036096,65
150,20260327,False,tarts,12,32407,61127.181775793695,61127.201654616045,61127.191757240136,0.06415634622733778,0.7905556499745657,0.07418905084142717,0.6974236754486955,0.047088697872681835,0.7507374799970893,0.040456206343129915,0.743395537857478,0.05803900008833827,0.7455280858194572,0.07556757845035261,0.7905998632917421,65
151,20260327,False,danish,12,26555,61127.21771032525,61127.23725851265,61127.22747488286,0.06126232667867664,0.8439401758793567,0.060712382789866785,0.8773547036113558,0.06264685882046735,0.8552824287197295,0.06721605038672365,0.8016358109022551,0.06301129351903981,0.8445532797781743,0.08111848044349934,0.8117582447737167,66
151,20260327,False,tarts,12,26555,61127.21771032525,61127.23725851265,61127.22747488286,0.05002944355390918,0.7521901476800531,0.07378212167127396,0.6395406894460017,0.050792064315458275,0.376850287021656,0.043729581683172994,0.5843167834675185,0.05576481151281561,0.5882244769038074,0.07687810238089036,0.6332860318312845,66
152,20260327,False,danish,12,27217,61127.239366728696,61127.25894688355,61127.249134452686,0.06387166648031321,0.8242162123641887,0.0639740463299503,0.8513083306696033,0.07361431971401416,0.8018220568659392,0.06914950134852824,0.7853240302974506,0.06777350143401585,0.8156676575492954,0.0779932948559999,0.8191231920516276,67
152,20260327,False,tarts,12,27217,61127.239366728696,61127.25894688355,61127.249134452686,0.050889134346340334,0.7430435057503122,0.06706627976699261,0.6732337136425154,0.05406755897961433,0.32940706254561264,0.038883186095948034,0.6155998151489748,0.05367213655913699,0.5903210242718537,0.0713711112594259,0.6314059267535078,67
153,20260327,False,danish,12,29132,61127.261268172544,61127.2808328685,61127.27105509386,0.05974894438140699,0.8459435151816674,0.06019063531178973,0.8656902216228091,0.05636931145857993,0.8795562823972384,0.06475923909355821,0.826045936723888,0.06034092155457266,0.8543089889814007,0.07383856110432714,0.8304708827094022,68
153,20260327,False,tarts,12,29132,61127.261268172544,61127.2808328685,61127.27105509386,0.044427798908598444,0.8103573795599395,0.07364051656971576,0.6353314941216256,0.047951696820951184,0.44826076193711545,0.03710724885076085,0.6727515323643866,0.052614323481819464,0.6416752919957668,0.07472066222394333,0.6509457854732167,68
154,20260327,False,danish,12,32485,61127.2829279284,61127.3025038198,61127.29271040331,0.05563546670518771,0.8668298354303856,0.05704354915930271,0.8770977080302137,0.0565105401226052,0.8808906149703887,0.06545061402304654,0.8201645330995585,0.05879306012859048,0.8612456728826366,0.07380801702511965,0.8539301318342853,69
154,20260327,False,tarts,12,32485,61127.2829279284,61127.3025038198,61127.29271040331,0.05000878989958877,0.814968019968438,0.07637958783219026,0.6637240065648407,0.04500361619242828,0.5585966549902693,0.03524461957775465,0.7293209610754718,0.05385682218673071,0.691652410649755,0.07991561158635607,0.6991287968838669,69
155,20260327,False,danish,12,35212,61127.305467654005,61127.32508793676,61127.31528018456,0.046958144170835776,0.9086486433339241,0.05227176695723803,0.9133169436033496,0.05663100804276272,0.8814358129208476,0.06122564290710673,0.8397253112622685,0.054527642866093164,0.8857816777800974,0.060951485328204366,0.9030093016864893,70
155,20260327,False,tarts,12,35212,61127.305467654005,61127.32508793676,61127.31528018456,0.051525444063231375,0.8316690865613483,0.06846431340332285,0.7761795586653217,0.03949466581899754,0.6824001715887221,0.033727389802495594,0.7766201484288867,0.05009889980514885,0.7667172413110698,0.06639932634485048,0.8136209925767781,70
156,20260327,False,danish,12,36273,61127.32719897895,61127.3468177154,61127.33702538185,0.047717262581312064,0.9098675330179756,0.04769106137839199,0.9319515670136,0.0439998615058525,0.9271113812899298,0.05493766136429591,0.8793159023578611,0.048748099789539714,0.9120615959198416,0.05998963565911042,0.9117181428395786,71
156,20260327,False,tarts,12,36273,61127.32719897895,61127.3468177154,61127.33702538185,0.052769877031144344,0.8525387088116104,0.06720378840001534,0.7856395635069789,0.036343093321565365,0.7271754244169395,0.03481060306889104,0.7762073087459458,0.04958227408912389,0.7853902513703686,0.06739904750746754,0.822527611876967,71
157,20260331,False,danish,12,37057,61131.1156590288,61131.1350339801,61131.125340510276,0.0692828464536486,0.8293641023704148,0.07249598606128757,0.7825320109023519,0.06836253685598619,0.8140677774027332,0.07386915345086127,0.7608878646621029,0.07103849147583866,0.7967129388344008,0.07737251996260247,0.8361265631296279,72
157,20260331,False,tarts,12,37057,61131.1156590288,61131.1350339801,61131.125340510276,0.07591368439139635,0.7425612122533501,0.07265769557585935,0.45179620422945965,0.04781993381876986,0.6258079998738868,0.04483111270612326,0.6068190601027242,0.06192455680336244,0.6067461191148552,0.07973493621900773,0.7474314740178032,72
158,20260331,False,danish,12,37096,61131.13711055245,61131.156481271406,61131.146791301355,0.07708374425646475,0.7828010706852571,0.0804237871621571,0.7133468887204947,0.08686253300759121,0.7294135446612874,0.0831878615257311,0.6986658915332312,0.08196830045178913,0.7310568489000676,0.08654626562029834,0.8046682291365093,73
158,20260331,False,tarts,12,37096,61131.13711055245,61131.156481271406,61131.146791301355,0.06794538600886632,0.7440127077537154,0.08353962563495658,0.32459532610190434,0.03951304099166423,0.7633146145444164,0.04994772756269115,0.5100486873434781,0.06255297840272735,0.5854928339358786,0.08184488679437285,0.7124582180290888,73
159,20260331,False,danish,12,36955,61131.1654312756,61131.1847851035,61131.17510498181,0.09764526963012173,0.6030429424908685,0.11396810239210077,0.37161104600310424,0.10725646765617065,0.6170245934194348,0.10719719134939946,0.43631927886592087,0.10667534243122269,0.5069994651948321,0.1033050068758123,0.7521012084181632,74
159,20260331,False,tarts,12,36955,61131.1654312756,61131.1847851035,61131.17510498181,0.09060954290334146,0.5147100636212185,0.07048722625466126,0.5058724595880404,0.053046692932325994,0.6062852097921275,0.056175459240209155,-0.04347631056343643,0.06918846034949248,0.39584785560948754,0.08884595714263771,0.47889769766301715,74
160,20260331,False,danish,12,36326,61131.18684998976,61131.2062211586,61131.196539176366,0.093351778239038,0.6040819923331963,0.1139014184880789,0.36701875899657205,0.1054545817771651,0.6205307724891463,0.11038423365562983,0.4189273265289754,0.10605828054839059,0.5026397125869725,0.10111849855149507,0.7080926838443196,75
160,20260331,False,tarts,12,36326,61131.18684998976,61131.2062211586,61131.196539176366,0.08220363041964224,0.5630956563712403,0.0676780333623708,0.5627923535073049,0.05221761522255473,0.6001324812306859,0.05748703205546174,0.0019588387093582896,0.06589611378534355,0.43199483245464737,0.08521748968995708,0.5298225237506026,75
161,20260331,False,danish,12,33528,61131.21427054495,61131.2337113337,61131.22400675283,0.09737448043916914,0.628528783425402,0.11220522487335663,0.4164136629318309,0.10983762999643269,0.6233299327943512,0.1278075351414748,0.4428437724849286,0.11232861715948793,0.5277790379091282,0.10206254762369492,0.7660784644372304,76
161,20260331,False,tarts,12,33528,61131.21427054495,61131.2337113337,61131.22400675283,0.07581499991386802,0.5830751694190022,0.07642515889536297,0.46323009957811817,0.06224776653986633,0.6525252026336744,0.04430288083971417,0.6129267836368256,0.06600425898004783,0.5779393138169051,0.07762683293851477,0.6732532397437235,76
162,20260331,False,danish,7,17203,61131.23665489296,61131.2472583511,61131.24195700205,0.09838527911773735,0.5952433472944526,0.11964126558557754,0.3764058811227948,0.11197358493047885,0.5942946350482513,0.11921416139167856,0.41252688459507786,0.11263191774148451,0.49461768701514414,0.11364373195892566,0.736649249619604,77
162,20260331,False,tarts,7,17203,61131.23665489296,61131.2472583511,61131.24195700205,0.0828112831532341,0.5187428381066598,0.06603280668566805,0.5835608675317357,0.06232551438406814,0.6546958738592206,0.04978673704590013,0.49614687832013754,0.06629711363473566,0.5632866144544384,0.07679467310324341,0.7003856790187136,77
163,20260331,False,danish,12,37715,61131.258964025605,61131.281179495694,61131.270051362684,0.11563578646636474,0.5218727636078457,0.14447802635486034,0.08141881973821405,0.11834715213921963,0.5512385690233027,0.1224571139760425,0.4085627869024364,0.12574510765224178,0.39077323481794973,0.11496225881162296,0.6924106990454774,78
163,20260331,False,tarts,12,37715,61131.258964025605,61131.281179495694,61131.270051362684,0.07473233149202409,0.6531385408950264,0.08356008208939085,0.4040744216118095,0.06490501503154471,0.6757690619959111,0.06433211880042279,0.39514460774627114,0.07231613093670089,0.5320316580622545,0.0827139736592426,0.6895624111588364,78
164,20260331,False,danish,12,35735,61131.323873309055,61131.3435400467,61131.33371237972,0.1214493158479063,0.37127688158773003,0.13647261785570722,0.14307365632593863,0.11387035847106428,0.5733923780480964,0.12760149456712241,0.2572798953862615,0.1251232509352343,0.3362557028370067,0.11156205276284141,0.6830689038569376,79
164,20260331,False,tarts,12,35735,61131.323873309055,61131.3435400467,61131.33371237972,0.07326770082658432,0.5174060420357187,0.06765640796933828,0.6017894098177309,0.05454827503501554,0.45237660556377074,0.04405604058120042,0.3290687252274982,0.060954890174446795,0.4751601956611797,0.07100704439112604,0.55038054288345,79
165,20260401,False,danish,12,34200,61132.10073169455,61132.120107543495,61132.110425107414,0.04923785272473268,0.9144187459677632,0.05222520029775109,0.9294713316456953,0.03850088752599638,0.9433224049746477,0.05284256421325644,0.8828210027134612,0.04854506313726516,0.9175083713253919,0.056903242839242134,0.9060133302768312,80
165,20260401,False,tarts,12,34200,61132.10073169455,61132.120107543495,61132.110425107414,0.06250081397398573,0.7421460015288235,0.0731668633445708,0.4172611125552255,0.03915396797573766,0.8038984726536221,0.04476976231707023,0.682801330922909,0.056562148264687404,0.661526729415145,0.07115513263142269,0.6953275102104228,80
166,20260401,False,danish,12,33951,61132.1221958704,61132.14158029745,61132.13190982944,0.05376082060370316,0.9162513345533873,0.054229188351349884,0.9075151368357233,0.04291230211792265,0.9290624180212131,0.05347893351184461,0.8799040588411722,0.051313966675394285,0.908183237062874,0.05566028653164958,0.9058406874289913,81
166,20260401,False,tarts,12,33951,61132.1221958704,61132.14158029745,61132.13190982944,0.07306805515554451,0.6473276994591104,0.08140194641148578,0.3468192247284126,0.04043513888241062,0.7766585307729096,0.04699303054581383,0.5952041261231062,0.06286605391646538,0.5915023952708847,0.07885998549229341,0.6842357220270062,81
167,20260401,False,danish,12,36418,61132.151803763554,61132.17121958345,61132.161528748366,0.05028451489473032,0.9230697454990688,0.038777517815284115,0.9438402172434417,0.051556509163583474,0.8956748962185832,0.05702588965754531,0.8707156268623972,0.0498554261201382,0.9083251214558727,0.0477965811304918,0.9347558092625026,82
167,20260401,False,tarts,12,36418,61132.151803763554,61132.17121958345,61132.161528748366,0.07370632805190255,0.7147683016200953,0.0709450561611729,0.48582699034965043,0.042843450721096535,0.7134230328053033,0.045598019298245106,0.4122361464441959,0.059959495541200176,0.5815636178048113,0.07384835563533791,0.6830770534356922,82
168,20260401,False,danish,12,37511,61132.1733013318,61132.19258272045,61132.18294234311,0.05108877566437775,0.9104100487167275,0.04341894350912534,0.9248681899835025,0.04904943703182074,0.9068058606965553,0.06425572175106362,0.8329762988983785,0.05251169561445905,0.8937650995737909,0.04822238103030454,0.9329426132822579,83
168,20260401,False,tarts,12,37511,61132.1733013318,61132.19258272045,61132.18294234311,0.08702263662088278,0.6869467514269477,0.05764085508129367,0.6640986949592645,0.04512670014401131,0.7092473073794531,0.04349830855911223,0.5187494202495834,0.06087677999932353,0.6447605435038122,0.07225110429265497,0.7200039403892097,83
169,20260401,False,danish,12,37056,61132.2096861365,61132.22918914886,61132.21944084761,0.05747097049964632,0.8738838592620055,0.05574206423779524,0.8674436356911526,0.0627830992995796,0.8416014223135984,0.06882019036112337,0.8099418092049356,0.06141666372952832,0.8482176816179231,0.056387410397848406,0.9055033290780149,84
169,20260401,False,tarts,12,37056,61132.2096861365,61132.22918914886,61132.21944084761,0.08579867047962791,0.7196545539250222,0.056607181482566944,0.6709565237849614,0.03350126985994559,0.8140286166769848,0.033369045936875,0.6733934541311106,0.05657210699726106,0.7195082871295198,0.0726042598361171,0.8216390758427483,84
170,20260401,False,danish,12,37432,61132.23127909715,61132.25071498345,61132.240997314955,0.053111563467094856,0.8829088969929608,0.04854126341035202,0.9019680589435167,0.05455388950333855,0.8845880229684497,0.07055064476125836,0.7877584734112933,0.057294442932024764,0.8643058630790552,0.0530833202771737,0.8989031399647252,85
170,20260401,False,tarts,12,37432,61132.23127909715,61132.25071498345,61132.240997314955,0.08631887731660132,0.7401676119542343,0.0633443122112354,0.6328277980333044,0.04883595682021892,0.6438479553244093,0.03685504964004035,0.6201569160519129,0.06165771612951023,0.6592500703409652,0.0745135767678523,0.7929959299611355,85
171,20260401,False,danish,12,37044,61132.2636504008,61132.283194561096,61132.273422836384,0.05815046100924092,0.8604201056287719,0.052854684677271384,0.8904627313865161,0.06215063611139741,0.8446328362625545,0.0698327128354078,0.7986802983483463,0.06106226977218605,0.8485489929065473,0.0701795186723307,0.8628709194234512,86
171,20260401,False,tarts,12,37044,61132.2636504008,61132.283194561096,61132.273422836384,0.07505439198972418,0.5184105871352648,0.054248450710499406,0.7308313587260963,0.03910621231933421,0.6997875238135508,0.033731086043843075,0.7540030257883512,0.05301683263148283,0.6757581238658157,0.07562695575461799,0.6777656841666612,86
172,20260401,False,danish,12,36124,61132.285292966655,61132.30484257885,61132.295080159856,0.06291385202714807,0.8372162098944163,0.0586625584560619,0.8710555498326836,0.064581593732389,0.845788294108994,0.07410480466179363,0.7496494917643555,0.06531032243160859,0.8259273864001122,0.07289017667642265,0.860638980226949,87
172,20260401,False,tarts,12,36124,61132.285292966655,61132.30484257885,61132.295080159856,0.07902256765585526,0.49810502438565984,0.06084324215736525,0.7037910347749903,0.04199495449361471,0.6957296718363742,0.031432653215930806,0.7619650441512108,0.0563428216507164,0.6648976937870588,0.0758305332899962,0.6978067296710149,87
173,20260401,False,danish,12,35054,61132.31308401151,61132.3327255358,61132.32293165074,0.056740769324433754,0.8753752738518992,0.05262051458813075,0.8965344035819742,0.06079403584067833,0.8577784893404886,0.07885895686786429,0.7180269145631171,0.0630537138698698,0.8369287703343697,0.06794797842954432,0.8981457243979862,88
173,20260401,False,tarts,12,35054,61132.31308401151,61132.3327255358,61132.32293165074,0.08172779534022964,0.5621230484704128,0.058628883327594125,0.7672320584913855,0.03457048144053705,0.7803844797522468,0.034607648147940824,0.7060621886893071,0.05592313025210878,0.703950443850838,0.07818496279284738,0.7119813420752157,88
174,20260401,False,danish,12,33777,61132.33483539865,61132.3543647822,61132.34460753994,0.054159499186498976,0.8727236132804059,0.05567886998757803,0.8760836216573658,0.060949479828986304,0.8540660489472978,0.0771705012636798,0.7260536573262082,0.06265682977923799,0.8322317353028195,0.062494433901429516,0.8961560152078374,89
174,20260401,False,tarts,12,33777,61132.33483539865,61132.3543647822,61132.34460753994,0.08354838791384682,0.5725002020185943,0.049880539837916335,0.7781698134807532,0.03578995260035721,0.7773652400708689,0.032459563414151904,0.7666580290082564,0.0543206805500855,0.7236733211446182,0.0782647091685395,0.7467631607580401,89
175,20260401,False,danish,12,35687,61132.3738461463,61132.3935237537,61132.383666957845,0.0668965788803958,0.8389433285851245,0.06469622488180124,0.8318883291949398,0.0590145214128021,0.8676592658582839,0.07991944754609807,0.7200793529672769,0.06806354680280996,0.8146425691514063,0.06202122634571098,0.9239470514573218,90
175,20260401,False,tarts,12,35687,61132.3738461463,61132.3935237537,61132.383666957845,0.08235040767489846,0.7092113428973897,0.0604487810314848,0.7225218072847049,0.055689587479214465,0.7228378714719711,0.029358584376717255,0.7490260645196645,0.059997711211812646,0.7258992715434326,0.078017533125681,0.7806807366206174,90
176,20260401,False,danish,12,34323,61132.3956479811,61132.4152621267,61132.40546778979,0.07439690466137135,0.7916329870071693,0.06271364887013328,0.8313163238208823,0.0598304053458186,0.8583427510113278,0.08409781570317706,0.6774092552126726,0.07092253024901543,0.789675329263013,0.060029076183965815,0.9157074709896968,91
176,20260401,False,tarts,12,34323,61132.3956479811,61132.4152621267,61132.40546778979,0.08363927398779519,0.6621331754225681,0.07616204897484738,0.6700779627967778,0.06062942743531736,0.7053368887962281,0.035594895211357405,0.6461211302517845,0.06659412491634388,0.6709172893168396,0.07986103432258318,0.7210928022547917,91
177,20260402,False,danish,12,27740,61133.1598395132,61133.17921876165,61133.16954092116,0.08579846171572439,0.8912670663520285,0.10747672424880324,0.9121956063236878,0.0595059665887099,0.9249947172532642,0.06519360930345089,0.8935352473234504,0.08170647012584985,0.9054981593131077,0.08919159654927075,0.8319531031022225,92
177,20260402,False,tarts,12,27740,61133.1598395132,61133.17921876165,61133.16954092116,0.05826972070797054,0.7152694991293601,0.0851034182046178,0.5078714459574134,0.0439104253359315,0.4413773688147497,0.038495346243652105,0.5774938338590331,0.05926206475709405,0.5605030369401391,0.08007401611380376,0.528441705881972,92
178,20260402,False,danish,12,25588,61133.1813329475,61133.2006809054,61133.190987647315,0.09465502842304725,0.8848520321216564,0.11272089934449558,0.902946682491322,0.051593506043733375,0.9340952859790866,0.07735150629824088,0.8421070261965956,0.08704987212410387,0.8910002566971652,0.09578173467293578,0.8128417809647297,93
178,20260402,False,tarts,12,25588,61133.1813329475,61133.2006809054,61133.190987647315,0.0690353748082629,0.5900374258327341,0.08210414035708656,0.5299487988015242,0.042879743956583054,0.4602685326320815,0.041892277808642825,0.44014361605216384,0.06144226603176379,0.5050995933296258,0.07968787118896595,0.5269838872174009,93
179,20260402,False,danish,12,23744,61133.214764025,61133.2342256667,61133.22449909816,0.10234444520214506,0.8251579210672997,0.0920469640271582,0.8955355875511671,0.05377658894520801,0.9186520719240953,0.07327946639085801,0.8368618346519713,0.08247549751814563,0.8690518537986334,0.09121992086292198,0.7923920318201788,94
179,20260402,False,tarts,12,23744,61133.214764025,61133.2342256667,61133.22449909816,0.08669641388605327,0.4338845522182185,0.062179950227183485,0.6854215894268337,0.03357280762362906,0.6703206568912766,0.0549132684718389,0.23795985107027284,0.062300110066014984,0.5068966624016504,0.07800770537500845,0.5280698964941202,94
180,20260402,False,danish,12,32168,61133.2405421764,61133.26007900555,61133.250311103904,0.09451432746551082,0.836851276947771,0.0805213634927757,0.9107772081885691,0.0423624311084406,0.9387343290449317,0.06657803803616372,0.8474103766512998,0.07355925977257344,0.8834432977081429,0.08870915195409397,0.8098961378680736,95
180,20260402,False,tarts,12,32168,61133.2405421764,61133.26007900555,61133.250311103904,0.08881511431956035,0.46849572601011563,0.07062670551386514,0.6227371596659165,0.04296750643583037,0.5115158536872266,0.06167583726533896,0.19867339038785195,0.06805580720084162,0.45035553243777765,0.08290654780229002,0.5646798371546188,95
181,20260402,False,danish,12,35850,61133.28268225935,61133.30226109465,61133.292494870424,0.09389587348002726,0.8469915579399612,0.07544078954335479,0.9147021329214704,0.05430213810464548,0.8938411705879077,0.07211190999135748,0.8465330460163327,0.07526054336244137,0.8755169768664179,0.08188825518194805,0.8309849935238627,96
181,20260402,False,tarts,12,35850,61133.28268225935,61133.30226109465,61133.292494870424,0.08434291656208733,0.6438323542139014,0.08478536154311377,0.6675002495576009,0.052925905868320626,0.5256008832668992,0.07191200511433284,0.20439903182203695,0.07462367770644567,0.5103331297151096,0.09455016132909794,0.5073212403952441,96
182,20260402,False,danish,12,35159,61133.3043756301,61133.3239331794,61133.31415549262,0.08453724296753007,0.8619917940921986,0.066076595314249,0.9335278429727538,0.044062419970956085,0.9314452093817008,0.060554360528044845,0.8688493218037032,0.06542359920076928,0.8989535420625892,0.0775901364321514,0.84672266064995,97
182,20260402,False,tarts,12,35159,61133.3043756301,61133.3239331794,61133.31415549262,0.08270471803085612,0.6244733584422159,0.07517206124496027,0.7798439152348785,0.04223259075179975,0.7044408469930277,0.0642484739553913,0.40270922747527943,0.06782766268932071,0.6278668370363503,0.07917340463430733,0.6786446029693555,97
183,20260402,False,danish,12,33582,61133.3366797756,61133.356272008,61133.34646369216,0.07098342586755252,0.8317060141184727,0.07082931009527707,0.9022354112425506,0.049208335570718145,0.9058678235113947,0.052346850623492654,0.8874284480382201,0.061678786823967886,0.8818094242276595,0.07665558125999818,0.8265073117290018,98
183,20260402,False,tarts,12,33582,61133.3366797756,61133.356272008,61133.34646369216,0.08720381678948932,0.5824539493786377,0.08284837446078369,0.5955989334847059,0.03236539674438938,0.7495719970545198,0.06572822546889337,0.5001805128456757,0.07042030485442474,0.6069513481908848,0.08240878261494028,0.6141342372661762,98
184,20260402,False,danish,12,32504,61133.35840555805,61133.377955263,61133.368185237494,0.06335260539464219,0.8839872122661213,0.08337189065202052,0.9188238095340152,0.042365528834829025,0.93142558418537,0.05503358097643931,0.878679811458474,0.06282507029388575,0.903229104360995,0.07962256578974237,0.85352174602026,99
184,20260402,False,tarts,12,32504,61133.35840555805,61133.377955263,61133.368185237494,0.08604625276007358,0.5125517161878465,0.08835975746293803,0.6783032680764894,0.034635381086926154,0.8154075917152341,0.049571745204333,0.6311025005456865,0.06868109619575029,0.6593412691313142,0.08642411065210995,0.6178668051946776,99
185,20260402,False,danish,7,19392,61133.3926646452,61133.403313807954,61133.39798861942,0.07041777135995718,0.8458551607223048,0.07461440210429965,0.9143038621230428,0.046014582365236596,0.9211568642922803,0.060909399396530804,0.8412726708044125,0.06393994887740091,0.8806471394855101,0.08391271988513269,0.809503098945865,100
185,20260402,False,tarts,7,19392,61133.3926646452,61133.403313807954,61133.39798861942,0.0750995883215434,0.6564577538193103,0.08118686826255007,0.6575462853107649,0.02942433765656474,0.8314514047181951,0.05155237006872297,0.5034306502505415,0.06275885246436565,0.6622215235247029,0.07329965275577466,0.6780960161283557,100
186,20260404,False,danish,12,35461,61135.09500779425,61135.1171416851,61135.10719062015,0.06807465335760657,0.7901066895612201,0.06174364629065745,0.8350647809371752,0.05250295102467109,0.8914284945781552,0.06934222531401801,0.7828872855513784,0.06326796259724024,0.8248718126569823,0.05313784407821419,0.9158870612678784,101
186,20260404,False,tarts,12,35461,61135.09500779425,61135.1171416851,61135.10719062015,0.05795381038304709,0.7540640316943225,0.07322730485986022,0.6138889780237164,0.05625743516534735,0.7598738566218904,0.02698432591563561,0.8173399696721325,0.05615588831871861,0.7362917090030154,0.07058175387658538,0.7959351832324599,101
187,20260404,False,danish,12,33982,61135.11891344995,61135.1393734035,61135.129587683536,0.05209013173423367,0.8819848278416824,0.052247624093738086,0.8878316700081632,0.04575508011438161,0.9193626985447122,0.062036545663955764,0.8300261829563511,0.0533508584788472,0.8798013448377272,0.04927969498240524,0.9219427342562,102
187,20260404,False,tarts,12,33982,61135.11891344995,61135.1393734035,61135.129587683536,0.04731340110297977,0.8281863817957741,0.05717959592458213,0.7449463549918591,0.0483627040352825,0.7379913251300431,0.032400382692573275,0.6884869503813525,0.0471614250586734,0.7499027530747572,0.05906504606709725,0.8320891310928984,102
188,20260404,False,danish,12,32528,61135.1833535013,61135.2028764866,61135.193109242646,0.05014081332780479,0.8933336550446215,0.06319295996145488,0.825235468265093,0.057516873657128584,0.8685969233325238,0.07082149839202563,0.7811100426901026,0.06089196732666302,0.8420690223330852,0.04798465710775859,0.9326533114997665,103
188,20260404,False,tarts,12,32528,61135.1833535013,61135.2028764866,61135.193109242646,0.06888364141334723,0.629156845703946,0.06274686622379155,0.6576223648803808,0.035766383218747415,0.8149438590613951,0.030984308609373526,0.6938245945029032,0.05225271960343355,0.6988869160371562,0.062144189436020625,0.7707781626021575,103
189,20260404,False,danish,12,32440,61135.20585409085,61135.225361113495,61135.21560825165,0.04782795372216252,0.9036709567912815,0.05666191903555617,0.860092299264579,0.05351622957778877,0.8870411795301895,0.06909856982693091,0.8011421044746534,0.05730769016107499,0.8629866350151758,0.044369293804882824,0.9441900035018058,104
189,20260404,False,tarts,12,32440,61135.20585409085,61135.225361113495,61135.21560825165,0.06722085602518481,0.6511443133153012,0.05178018090253327,0.7272223906273372,0.031123064449779872,0.848802638487684,0.03189873420820583,0.680479638590455,0.04792182437024025,0.7269122452551944,0.059945444477318754,0.775008227820847,104
190,20260409,False,danish,12,33659,61140.19622346875,61140.2158148099,61140.20601357246,0.09774684825649407,0.5565991998924388,0.10781892839551752,0.31848707540214904,0.0887384335144131,0.6753292427308594,0.10660169595379944,0.44533886052164634,0.10052089189225047,0.49893859463677337,0.08669381040706545,0.6342187159466998,105
190,20260409,False,tarts,12,33659,61140.19622346875,61140.2158148099,61140.20601357246,0.09257116547252653,0.4606589630577451,0.08519071720428896,0.35990303672399104,0.052609680357793634,0.5951184159231837,0.06679422204827348,0.2753281904901088,0.07592121828103508,0.42275215154875717,0.09351409785687172,0.6192753515276735,105
191,20260409,False,danish,12,34576,61140.2236287648,61140.2433324098,61140.233469920255,0.11172047788489506,0.4319184885392942,0.12271467901063948,0.08635348183298817,0.09253749593614434,0.6526087095569215,0.11897452409345091,0.320152877642024,0.11209201929766083,0.372758389392807,0.09167175632807636,0.6150257053781201,106
191,20260409,False,tarts,12,34576,61140.2236287648,61140.2433324098,61140.233469920255,0.08477788324615593,0.4952167267272436,0.08471757642662343,0.3721336573828992,0.06448284021551538,0.6600959442225027,0.08272415590970461,0.1285306631910474,0.07963303318430806,0.41399424788092326,0.10425798050198176,0.47927755286187457,106
192,20260409,False,danish,12,33823,61140.2511643718,61140.27083800955,61140.26099776208,0.11686913700584245,0.3533440498784909,0.13146446306386395,-0.00678973485903303,0.09752944700893934,0.6163744231882066,0.128175551688721,0.22266524379920313,0.11925001605632796,0.2963984955017169,0.11276147945708179,0.5364888132482427,107
192,20260409,False,tarts,12,33823,61140.2511643718,61140.27083800955,61140.26099776208,0.08449765047747587,0.5194514501055937,0.09916833338894107,0.3624018320389635,0.04106380169621152,0.7011516884038658,0.05413947526042073,0.525350102401931,0.07347028289480947,0.5270887682375884,0.09639571510744693,0.5734518766736091,107
193,20260409,False,danish,12,33937,61140.3063301976,61140.32600275015,61140.31615968787,0.12087041498692505,0.3410546202950163,0.1370757879108503,-0.13209950196220185,0.10089812316676314,0.592036223922487,0.1254235467510231,0.2447272844277299,0.12176917322199539,0.26142965667075785,0.10516044103891116,0.528274736157531,108
193,20260409,False,tarts,12,33937,61140.3063301976,61140.32600275015,61140.31615968787,0.08473321089623294,0.4252615874413036,0.08917754003351211,0.28538711445503223,0.05871876690805534,0.5436333032835355,0.0697749017164598,0.27677222911693755,0.07656497432239871,0.3827635585742023,0.09042505758770843,0.5436648650431671,108
194,20260409,False,danish,12,33501,61140.33370388525,61140.356126403,61140.344922792596,0.10114929395344112,0.5041123726683898,0.11145424071740548,0.2680086615627692,0.08760869264794469,0.6893759305562088,0.10846284476273477,0.4496962266099917,0.10258252673174918,0.4777982978493399,0.08578601207065478,0.665641053453901,109
194,20260409,False,tarts,12,33501,61140.33370388525,61140.356126403,61140.344922792596,0.09340106686681261,0.518473139781935,0.08340357482876228,0.3808665272754591,0.07650609840271905,0.6863863107623016,0.08874836685601445,0.1787515962106233,0.08574580353943277,0.4411193935075798,0.11157265451611977,0.5143750141633597,109
195,20260409,False,danish,12,33429,61140.36396950305,61140.3837222605,61140.37388120396,0.08066000760156947,0.6931924250628717,0.1018640828307548,0.4308247969805271,0.075223188074095,0.7699199891158908,0.09739332513137663,0.5619917603851114,0.08947948927186167,0.6139822428861003,0.07785019734657894,0.7213189506438424,110
195,20260409,False,tarts,12,33429,61140.36396950305,61140.3837222605,61140.37388120396,0.07651110512571427,0.6351122781687183,0.09724729744717957,0.3523578545089046,0.04023001498011306,0.8204279439356204,0.043771405794807,0.6518452113162703,0.06863923101785907,0.6149358219823784,0.09196305670679285,0.6163437600034478,110
196,20260409,False,danish,12,32995,61140.391252650006,61140.41088354265,61140.40106316064,0.06422712425471279,0.8224925986310864,0.10464844821792878,0.4013962323642655,0.07165678197612346,0.7891793554272221,0.09398467413739653,0.6047338683723951,0.0852118456852349,0.6544505136987422,0.07570602789938213,0.7398651545173631,111
196,20260409,False,tarts,12,32995,61140.391252650006,61140.41088354265,61140.40106316064,0.07272542753771472,0.5140809855411532,0.07918441987502191,0.5303460542033939,0.03439489966878321,0.8283330142810238,0.03831215992421781,0.7119034540180367,0.05960283315995068,0.6461658770109018,0.07500921216651647,0.7105423744351759,111
197,20260418,False,danish,12,33819,61149.2868056206,61149.3061552189,61149.296480043784,0.08016645651731062,0.7310449352952806,0.07314965601766742,0.7579173735802096,0.0673248146236971,0.8306340924175954,0.08296488853455465,0.6817073452356038,0.07614679297204704,0.7503259366321724,0.06622425196805352,0.8954399852062362,112
197,20260418,False,tarts,12,33819,61149.2868056206,61149.3061552189,61149.296480043784,0.0779439927235325,0.6704622511063488,0.10870477475596206,0.35920967422362476,0.07129352637377452,0.7236017556488299,0.041107721557916393,0.635756584948976,0.07852484595801797,0.5972575664819448,0.09684840229808984,0.690038484072185,112
200,20260418,False,danish,6,16734,61149.3801834886,61149.3994829361,61149.38984796358,0.09572887782000854,0.6392577148524939,0.0790414610002449,0.7166598493643438,0.06548240572859296,0.8389436136655442,0.09058731772706374,0.6270408833575337,0.08352481397572732,0.705475515309979,0.07842131869870016,0.840298898493977,113
200,20260418,False,tarts,6,16734,61149.3801834886,61149.3994829361,61149.38984796358,0.10436584893157698,0.6691668311892148,0.06378599401736394,0.6746011324243738,0.05167589862315035,0.7970446587528456,0.061155339266641344,0.5972831046531766,0.07309455772374585,0.6845239317549028,0.09533793137852435,0.7221933157695904,113
201,20260418,False,danish,6,17596,61149.38215349595,61149.40142272755,61149.39178371727,0.09053751652227084,0.6357343106399674,0.08088119589081508,0.7024022349673853,0.07269610942900429,0.7949100488712559,0.09053627104523658,0.5899099843713439,0.08399456894293698,0.6807391447124882,0.08231744051247639,0.7817211232713934,114
201,20260418,False,tarts,6,17596,61149.38215349595,61149.40142272755,61149.39178371727,0.09139420478699617,0.655035170407202,0.07054136536977575,0.6615758050703632,0.0499169327574583,0.6729903759810283,0.06031560298058065,0.5155171447932014,0.06974714516685115,0.6262796240629487,0.08663649877789599,0.6725595905702638,114
202,20260419,False,danish,12,30540,61150.160322563344,61150.2148300658,61150.18756448341,0.13263753435278855,0.33732968467372154,0.11257820976410766,0.3069216672912508,0.10597087201347721,0.6481620383293788,0.1261468644762128,0.3021265187738669,0.11980132090815543,0.39863497726705455,0.10405331357481673,0.7317908213631462,115
202,20260419,False,tarts,12,30540,61150.160322563344,61150.2148300658,61150.18756448341,0.08220061141044886,0.6041546154102269,0.08168611533329596,0.46385580359142375,0.05600122692543186,0.715978637784146,0.06222906725130538,0.48434720629996586,0.07148103976338296,0.5670840657714407,0.09071642723959294,0.6696070462686108,115
203,20260419,False,danish,12,21986,61150.16226229945,61150.21677141905,61150.189502097324,0.12223836463718674,0.3861257818236855,0.11278194689799304,0.3590614487572329,0.103531036101447,0.6505839986073867,0.12312784492926783,0.2832301588052309,0.11569477837011541,0.419750346998384,0.0993215470631222,0.7270627439923734,116
203,20260419,False,tarts,12,21986,61150.16226229945,61150.21677141905,61150.189502097324,0.08870133826366863,0.5260484537859969,0.06700418478547066,0.5785739603232811,0.043343193677615174,0.6726540432807804,0.059196684888284126,0.35017374205301643,0.06659648663493692,0.5318625498607688,0.08772922699589329,0.6384759140233637,116
204,20260420,False,danish,12,35816,61150.9704967044,61151.0238713792,61150.99717015258,0.07886143515620099,0.7457277224878676,0.05829316473939995,0.8633838049523925,0.05565369929986589,0.8811366358539575,0.07172563685834277,0.7737853136853976,0.06681900971790376,0.8160083692449038,0.07064225491675005,0.8681200104391751,117
204,20260420,False,tarts,12,35816,61150.9704967044,61151.0238713792,61150.99717015258,0.08683515947242362,0.6930381398708534,0.05349860409090083,0.7628077898748519,0.03759040725536927,0.8214903165593608,0.046047842585580596,0.7808413548085951,0.05902518124641195,0.7645444002784153,0.07427416219686862,0.8216167044220886,117
205,20260420,False,danish,12,35434,61150.972469214656,61151.02585444445,61150.999149301206,0.07337108598768693,0.7739015068816948,0.0836271760316296,0.6644124587498664,0.07893049028770363,0.7911458225800585,0.08459893286838249,0.7140329084105848,0.08025556455717583,0.7358731741555511,0.07674679437871879,0.8043091468560389,118
205,20260420,False,tarts,12,35434,61150.972469214656,61151.02585444445,61150.999149301206,0.07628181118469483,0.6051067577754654,0.07637004098764447,0.47380052310863846,0.05784188065946098,0.8107318236521577,0.04874621401464523,0.6719795567547823,0.0659036691259615,0.640404665322761,0.0813867893089427,0.7261141603170231,118
206,20260423,False,danish,27,68421,61153.9755377383,61154.0539050476,61154.00903917584,0.07400804578456137,0.748421795405273,0.0669445700225079,0.8133534495887121,0.05353333651832695,0.8891091514880319,0.06006447283458404,0.8666801409772192,0.06409431587907995,0.829391134364809,0.05660064795218514,0.8829078846293614,119
206,20260423,False,tarts,27,68421,61153.9755377383,61154.0539050476,61154.00903917584,0.06026138479027905,0.6046544161530402,0.06435850346788981,0.5735968634888264,0.036899509592329786,0.7541497846496601,0.0250931311288247,0.8503040062293415,0.04940822427357436,0.6956762676302171,0.06649788368400122,0.7711477514046342,119
208,20260430,False,danish,29,80586,61161.0135924962,61161.0796855948,61161.04278022225,0.0945320562846205,0.6383667280014897,0.08406501347492021,0.6733301512163196,0.06351404217705059,0.8399025524056514,0.07919452352807976,0.7110783795848562,0.08110031175409395,0.7156694528020792,0.08270658337427139,0.8021020354535864,120
208,20260430,False,tarts,29,80586,61161.0135924962,61161.0796855948,61161.04278022225,0.08633901068777526,0.49629552935989896,0.0587292157796681,0.6842326550507577,0.03546781352675184,0.8020304815957988,0.055964646166260394,0.32255855471135486,0.06183355272326214,0.5762793051794526,0.08473088245150845,0.6460976635096647,120
209,20260513,False,danish,20,55803,61173.96234878035,61174.0664782052,61174.01429955108,0.06051105777749771,0.8383812862699855,0.05223605889966789,0.8891209582081251,0.04326460944400725,0.9281792961676458,0.05198263645384722,0.8895504580593465,0.052355073502375504,0.8863079996762757,0.05219153378588728,0.9092516782914077,121
209,20260513,False,tarts,20,55803,61173.96234878035,61174.0664782052,61174.01429955108,0.06618665247361206,0.6644304752457552,0.05867924015076053,0.6953211450711461,0.029943476793800102,0.8182912434548589,0.036881845190138374,0.7906332439682952,0.05020161475855011,0.7421690269350137,0.06646910658341154,0.8356362308033506,121
210,20260513,False,danish,19,53110,61173.96434744875,61174.06849711755,61174.01507590586,0.06198769397709209,0.8302323389431383,0.0652759942086895,0.8106359670680573,0.05356503118393493,0.8879155071048881,0.07451665090336808,0.7705036363175402,0.06427552693700929,0.8248218623584059,0.060162502765163516,0.8664868037508744,122
210,20260513,False,tarts,19,53110,61173.96434744875,61174.06849711755,61174.01507590586,0.06490523252046843,0.572546267906125,0.06060727355382871,0.6260312460861346,0.04495605064228375,0.751875200023927,0.027029974328659633,0.7989121852995583,0.05156936304077324,0.6873412248289362,0.06276186095914614,0.7831491715311375,122
211,20260513,False,danish,8,22544,61174.0813330188,61174.116855963104,61174.10107179792,0.0555275905475774,0.867786407773263,0.042316356311762914,0.9289054832221743,0.04748797682696613,0.9130855703181079,0.051141618837295434,0.8932641628919004,0.04935727009251314,0.9007604060513613,0.05400584322244539,0.9084952497312762,123
211,20260513,False,tarts,8,22544,61174.0813330188,61174.116855963104,61174.10107179792,0.07091178230553069,0.6401728038160333,0.0699072256821738,0.652992006022449,0.04412326784991566,0.742338815093465,0.04567994229418858,0.7290934132673552,0.059052986728194264,0.6911492595498256,0.07028382363745185,0.7912115829075299,123
212,20260513,False,danish,8,18453,61174.08330009025,61174.11882942406,61174.103036541164,0.058838103225389356,0.8501389146604802,0.05032894294311163,0.8957453100000193,0.05167880230991053,0.8949018059861268,0.05360850740301994,0.8890756708221623,0.053711022060418424,0.8824654253671972,0.05565823988554683,0.886896891331216,124
212,20260513,False,tarts,8,18453,61174.08330009025,61174.11882942406,61174.103036541164,0.05660629993082058,0.6785440457196315,0.07518567211225802,0.5810440961920086,0.033784282472146834,0.7463009186983554,0.035400228090400054,0.7542430654206467,0.05303704453926555,0.6900330315076606,0.06890630096163133,0.7552575000849318,124
215,20260709,False,danish,7,19769,61231.02873690885,61231.0589689907,61231.046590490485,0.0680027667319897,0.7910233679918582,0.06512204843628057,0.8221478703430054,0.06015517091322844,0.8541321507149423,0.06153741533715176,0.8711599859283427,0.06377843591238248,0.8346158437445371,0.06626768488139288,0.853546266489048,125
215,20260709,False,tarts,7,19769,61231.02873690885,61231.0589689907,61231.046590490485,0.05221105752834274,0.7600937291603135,0.0667412089025023,0.6650163926078755,0.02941222304232425,0.8092931959495097,0.030526195591335382,0.8250286991655457,0.047374336342494716,0.7648580042208111,0.0570899165979218,0.831001812038263,125
216,20260709,False,danish,6,17242,61231.0420170557,61231.0608256206,61231.05142853903,0.06586239832881442,0.8051318939913902,0.061852902796027405,0.8363727398454658,0.05505800842563008,0.8793103207871587,0.05986648694526422,0.8756130625902278,0.06078449154365461,0.8491070043035606,0.06312237610361626,0.859326491465451,126
216,20260709,False,tarts,6,17242,61231.0420170557,61231.0608256206,61231.05142853903,0.053158172659209496,0.7237565384749414,0.06404617112516085,0.6550126157891766,0.023638220416481465,0.8663139021958379,0.02564139285135736,0.8387548353025641,0.04512191775643938,0.77095947294063,0.0567792922340839,0.8205645437504311,126
